epoch	loss	acc	auc_roc	val_loss	val_acc	val_auc_roc
1	0.6955863237380981	0.5024070143699646	0.5020686388015747	0.6946332454681396	0.5	0.4913654327392578
2	0.6936781406402588	0.49857544898986816	0.49960941076278687	0.6934528946876526	0.4923368990421295	0.49491947889328003
3	0.6931081414222717	0.506893515586853	0.5109223127365112	0.6942123174667358	0.5018339157104492	0.5076702833175659
4	0.6925854682922363	0.5135741233825684	0.5181148052215576	0.6926592588424683	0.5297353863716125	0.5148974657058716
5	0.6918963193893433	0.517634928226471	0.5260221362113953	0.6912150979042053	0.5144092440605164	0.534082293510437
6	0.6882861256599426	0.5440136194229126	0.5661371350288391	0.6855120062828064	0.5696227550506592	0.612485945224762
7	0.6780266761779785	0.5855711102485657	0.630440890789032	0.6696732044219971	0.6092481017112732	0.656118631362915
8	0.6586449146270752	0.6111147403717041	0.6630203723907471	0.6524858474731445	0.6150772571563721	0.6696422100067139
9	0.6413534283638	0.619924008846283	0.6747064590454102	0.6352103352546692	0.6274561285972595	0.6815409064292908
10	0.6288988590240479	0.6296830177307129	0.6910909414291382	0.6273000240325928	0.6316478848457336	0.6909559369087219
11	0.6191868782043457	0.6410138607025146	0.7052721381187439	0.618198812007904	0.641472339630127	0.7027755975723267
12	0.610414445400238	0.6525576114654541	0.7173471450805664	0.6102206110954285	0.650510847568512	0.7129534482955933
13	0.6016699075698853	0.661989152431488	0.7279534339904785	0.6039436459541321	0.6525412797927856	0.7174769639968872
14	0.594828188419342	0.6651657223701477	0.7320148944854736	0.599509596824646	0.6562090516090393	0.7211966514587402
15	0.5887647867202759	0.6683750152587891	0.7373425960540771	0.5995174646377563	0.6599423885345459	0.7220495939254761
16	0.5836396217346191	0.6705036759376526	0.7417793869972229	0.5939222574234009	0.6564055681228638	0.7236426472663879
17	0.5788761377334595	0.6742697358131409	0.7464057803153992	0.5902203917503357	0.6569949984550476	0.724371612071991
18	0.5763030648231506	0.6768404245376587	0.7477540969848633	0.5895339250564575	0.6556850671768188	0.7231369614601135
19	0.5722451210021973	0.6793948411941528	0.7513065338134766	0.5906988382339478	0.6537202000617981	0.7262178063392639
20	0.5695406794548035	0.6813924312591553	0.754543662071228	0.586907148361206	0.6556196212768555	0.7271149754524231
21	0.5675238370895386	0.6821129322052002	0.755595326423645	0.5846248269081116	0.6611213088035583	0.7288992404937744
22	0.564717710018158	0.683750331401825	0.7588371634483337	0.5906064510345459	0.6451401710510254	0.7252885699272156
23	0.5629058480262756	0.6854859590530396	0.7604396939277649	0.5851740837097168	0.6657715439796448	0.7304706573486328
24	0.5597034096717834	0.6874181032180786	0.7641123533248901	0.584560215473175	0.6528032422065735	0.7299939393997192
25	0.5584869980812073	0.6883023381233215	0.7654227018356323	0.5820183753967285	0.6631516814231873	0.7301371097564697
26	0.5557787418365479	0.6910040378570557	0.7679320573806763	0.5833112001419067	0.6657715439796448	0.7314651012420654
27	0.5544593930244446	0.691626250743866	0.7684387564659119	0.5819340348243713	0.659221887588501	0.7303571105003357
28	0.5525451302528381	0.6926087141036987	0.7715298533439636	0.5810703039169312	0.6632826924324036	0.732284426689148
29	0.5510860681533813	0.6943771243095398	0.7724546194076538	0.5807701945304871	0.6665574908256531	0.7317310571670532
30	0.5504401326179504	0.6941314935684204	0.7732622027397156	0.5804352164268494	0.6660335063934326	0.7310054302215576
31	0.5481724739074707	0.6966204047203064	0.7751668095588684	0.5831665396690369	0.6591563820838928	0.7281221747398376
32	0.5476076602935791	0.697701096534729	0.7758082151412964	0.5806807279586792	0.6616452932357788	0.7327702641487122
33	0.5451268553733826	0.698356032371521	0.7792074680328369	0.586139440536499	0.6488734483718872	0.7302772402763367
34	0.5447274446487427	0.6987326145172119	0.7791622877120972	0.5817675590515137	0.6638721227645874	0.7316192984580994
35	0.5431512594223022	0.7015489935874939	0.7805235385894775	0.5817583203315735	0.664789080619812	0.7341148257255554
36	0.5422881245613098	0.7012215256690979	0.7808619737625122	0.5814368724822998	0.6594184041023254	0.7332323789596558
37	0.5415679812431335	0.7003700733184814	0.7826235890388489	0.5828957557678223	0.6532617211341858	0.734002411365509
38	0.5390393733978271	0.7043325901031494	0.7853719592094421	0.5827314257621765	0.6616452932357788	0.730416476726532
39	0.5383814573287964	0.7044799327850342	0.7854267954826355	0.579962432384491	0.6651820540428162	0.7346580624580383
40	0.5370190143585205	0.7046928405761719	0.7869048118591309	0.5832209587097168	0.6576499938964844	0.7335982322692871
41	0.5364731550216675	0.7055115103721619	0.7873537540435791	0.5821816921234131	0.6637411713600159	0.7340531349182129
42	0.5351725816726685	0.7068378329277039	0.7889944314956665	0.5816624760627747	0.6588289141654968	0.733130156993866
43	0.5352441072463989	0.7054460048675537	0.7879670858383179	0.5888264179229736	0.6587634086608887	0.7250789403915405
44	0.5340929627418518	0.7074600458145142	0.7897062301635742	0.581544816493988	0.6651166081428528	0.7353832721710205
45	0.5323426723480225	0.7088518738746643	0.7912616729736328	0.5805672407150269	0.6601388454437256	0.7353793382644653
46	0.5312587022781372	0.7090319395065308	0.7927274107933044	0.5804416537284851	0.6633481979370117	0.7364898920059204
47	0.5307520031929016	0.7100635170936584	0.7930513620376587	0.5803410410881042	0.6594839096069336	0.7363914847373962
48	0.5298821330070496	0.7116190791130066	0.7944081425666809	0.5830797553062439	0.6670814752578735	0.7380131483078003
49	0.5296650528907776	0.7109640836715698	0.7936957478523254	0.5807880759239197	0.6640686392784119	0.7377606630325317
50	0.5274417996406555	0.7120120525360107	0.796826958656311	0.5817554593086243	0.6689808964729309	0.7372683882713318
51	0.5270936489105225	0.7135021090507507	0.7967001795768738	0.5813286900520325	0.6680639386177063	0.7375919818878174
52	0.5265809297561646	0.7138131856918335	0.7971493601799011	0.5821347236633301	0.6683914065361023	0.7394839525222778
53	0.5248848795890808	0.7163512110710144	0.7992903590202332	0.5812942981719971	0.6657060384750366	0.7379769086837769
54	0.5233361124992371	0.7164494395256042	0.8008124232292175	0.5824397802352905	0.6676709651947021	0.7378487586975098
55	0.5231348872184753	0.7171043753623962	0.8009025454521179	0.5811307430267334	0.6646581292152405	0.7379692792892456
56	0.5228623747825623	0.7172189950942993	0.801069974899292	0.5799276232719421	0.6629552245140076	0.7398615479469299
57	0.5234705209732056	0.7164167165756226	0.7999113202095032	0.5804669857025146	0.670749306678772	0.7410100102424622
58	0.5217812061309814	0.7169243097305298	0.8027381896972656	0.5800358653068542	0.6662955284118652	0.7397705912590027
59	0.5192837715148926	0.7216236591339111	0.8048818707466125	0.5809685587882996	0.667605459690094	0.7406927347183228
60	0.5202613472938538	0.7196424007415771	0.804028332233429	0.5800710320472717	0.6653785705566406	0.7401769757270813
61	0.5187713503837585	0.7200517654418945	0.8052988648414612	0.5804483890533447	0.6668195128440857	0.7413681149482727
62	0.5176776051521301	0.721230685710907	0.8066768050193787	0.5837293267250061	0.6588289141654968	0.7420809864997864
63	0.5174901485443115	0.7225078344345093	0.8069053888320923	0.5862326622009277	0.6695703268051147	0.7413790225982666
64	0.5164036154747009	0.721836507320404	0.8078423738479614	0.5801976323127747	0.6658370494842529	0.7424065470695496
65	0.5170568227767944	0.7224423885345459	0.806646466255188	0.580541729927063	0.6690463423728943	0.7425804734230042
66	0.5147820711135864	0.724374532699585	0.8097283244132996	0.5858068466186523	0.6708147525787354	0.7416303157806396
67	0.5141305327415466	0.7245709896087646	0.8101784586906433	0.5800058841705322	0.6681294441223145	0.7440001368522644
68	0.5138084292411804	0.7240142822265625	0.8109415769577026	0.5833691358566284	0.6675399541854858	0.7423227429389954
69	0.5133135914802551	0.7242435216903687	0.810850203037262	0.5825589299201965	0.6618417501449585	0.7445339560508728
70	0.5134574770927429	0.7233429551124573	0.8103311061859131	0.5815079212188721	0.6723212003707886	0.7453978657722473
71	0.5117679238319397	0.7266177535057068	0.8118017315864563	0.5797947645187378	0.6695048213005066	0.745164155960083
72	0.5114739537239075	0.7268961071968079	0.8128225207328796	0.5801094770431519	0.6687188744544983	0.7437921166419983
73	0.510034441947937	0.7284025549888611	0.8141579031944275	0.5831013917922974	0.6615797877311707	0.7456262707710266
74	0.5110183358192444	0.7278458476066589	0.8130248785018921	0.5816246271133423	0.6699633002281189	0.7448511719703674
75	0.5092582106590271	0.7293358445167542	0.815073549747467	0.5796601176261902	0.6683914065361023	0.7474297881126404
76	0.5092864632606506	0.7285171747207642	0.8151576519012451	0.5825881361961365	0.6730416417121887	0.7471898198127747
77	0.5072949528694153	0.7291229963302612	0.8168318867683411	0.5811768174171448	0.6702908277511597	0.7469936013221741
78	0.507482647895813	0.7300399541854858	0.8170018196105957	0.5810858011245728	0.6675399541854858	0.747085452079773
79	0.5067280530929565	0.730760395526886	0.8176010251045227	0.5829288363456726	0.6660335063934326	0.7477965950965881
80	0.5050944089889526	0.7327580451965332	0.8195738792419434	0.5817787647247314	0.6711422801017761	0.7478771209716797
81	0.5056425333023071	0.7319720983505249	0.8186373710632324	0.5843859314918518	0.6740896105766296	0.7487164735794067
82	0.5047508478164673	0.732250452041626	0.8191400766372681	0.5829889178276062	0.6690463423728943	0.7474903464317322
83	0.5047841668128967	0.7322177290916443	0.819543182849884	0.5852004885673523	0.6693083643913269	0.7441563606262207
84	0.5040789842605591	0.7344118356704712	0.8202776908874512	0.5794705152511597	0.6706182956695557	0.748489260673523
85	0.5021135807037354	0.7343299984931946	0.8225776553153992	0.5817995667457581	0.6702253222465515	0.7505204081535339
86	0.5023658871650696	0.7343627214431763	0.8218777775764465	0.5813969373703003	0.6651166081428528	0.7486476302146912
87	0.501409649848938	0.7346246838569641	0.8225273489952087	0.5806109309196472	0.67173171043396	0.7504967451095581
88	0.5003838539123535	0.7366387248039246	0.8238145112991333	0.5791415572166443	0.6685879230499268	0.7501548528671265
89	0.500995934009552	0.7347720861434937	0.8229252696037292	0.5843080282211304	0.6640031337738037	0.7506219744682312
90	0.5008843541145325	0.7358199954032898	0.8231222033500671	0.5791012048721313	0.6725176572799683	0.7509732246398926
91	0.4992259442806244	0.7362948656082153	0.8243920207023621	0.5816213488578796	0.6691118478775024	0.7504086494445801
92	0.4979362189769745	0.7383416295051575	0.826534628868103	0.5802286267280579	0.6727796792984009	0.7521960139274597
93	0.4971783459186554	0.7380796670913696	0.8271056413650513	0.580773651599884	0.6737621426582336	0.7526145577430725
94	0.49713191390037537	0.7391766905784607	0.8268678784370422	0.5803452134132385	0.6723212003707886	0.7507626414299011
95	0.49557533860206604	0.7412398457527161	0.8285753726959229	0.5797839760780334	0.6726486682891846	0.7531269192695618
96	0.49594736099243164	0.739143967628479	0.8282696604728699	0.5812510251998901	0.6729761362075806	0.7528684735298157
97	0.49654558300971985	0.7392421960830688	0.8270321488380432	0.5856016278266907	0.6697668433189392	0.7524949908256531
98	0.49627920985221863	0.739798903465271	0.8275749683380127	0.5787574648857117	0.6748100519180298	0.7549800276756287
99	0.49372565746307373	0.7416000962257385	0.8302171230316162	0.5796616077423096	0.6752685308456421	0.7525960206985474
100	0.49444150924682617	0.739471435546875	0.8293647170066833	0.5858176350593567	0.6735656261444092	0.7539811730384827
101	0.493502140045166	0.7422714233398438	0.8304576873779297	0.5813041925430298	0.6716007590293884	0.7548480033874512
102	0.49211668968200684	0.743057370185852	0.8315112590789795	0.5806663632392883	0.6733036637306213	0.7558183073997498
103	0.4910913407802582	0.7439907193183899	0.8324898481369019	0.5788734555244446	0.6740241050720215	0.7568448185920715
104	0.49113908410072327	0.7438433170318604	0.8325285911560059	0.579967200756073	0.6743515729904175	0.754636824131012
105	0.4904630184173584	0.7435158491134644	0.8329947590827942	0.580658495426178	0.6779538989067078	0.7578416466712952
106	0.4894246757030487	0.7444983124732971	0.8340731263160706	0.5815322399139404	0.6770369410514832	0.7576314806938171
107	0.48927798867225647	0.7444983124732971	0.8343194127082825	0.5797103643417358	0.6771024465560913	0.7574195861816406
108	0.489211767911911	0.7457918524742126	0.8342233300209045	0.5851130485534668	0.6755304932594299	0.7554631233215332
109	0.48856502771377563	0.7460210919380188	0.8346431851387024	0.584234356880188	0.6753340363502502	0.7569469213485718
110	0.48807525634765625	0.7452351450920105	0.8352660536766052	0.5800102353096008	0.6767749786376953	0.7576357126235962
111	0.4875752329826355	0.746692419052124	0.8356237411499023	0.5877683758735657	0.6753995418548584	0.7548344135284424
112	0.48592308163642883	0.7470690608024597	0.8372478485107422	0.5795028805732727	0.6778883934020996	0.75795578956604
113	0.48592478036880493	0.7483789920806885	0.8370463252067566	0.5816912055015564	0.6764474511146545	0.7582924962043762
114	0.4857400953769684	0.7476257681846619	0.8375347852706909	0.5901290774345398	0.6733036637306213	0.7558775544166565
115	0.4854995012283325	0.7487719655036926	0.8374838829040527	0.581667959690094	0.6784123778343201	0.7574136257171631
116	0.48300936818122864	0.7491812705993652	0.83962482213974	0.5806758403778076	0.677298903465271	0.7592756748199463
117	0.4834156334400177	0.7497707605361938	0.8395014405250549	0.5796452164649963	0.6786088347434998	0.7587594985961914
118	0.48288166522979736	0.7486900687217712	0.8398585915565491	0.5787965059280396	0.6812286972999573	0.7609456777572632
119	0.48150986433029175	0.7502128481864929	0.8409488797187805	0.5810880661010742	0.6786743402481079	0.7594780325889587
120	0.482582151889801	0.7511298060417175	0.8398902416229248	0.5790277123451233	0.6788708567619324	0.760008692741394
121	0.48201683163642883	0.7497380375862122	0.8401881456375122	0.5820705890655518	0.6772334575653076	0.760407567024231
122	0.48018890619277954	0.7527344822883606	0.8421258330345154	0.5800252556800842	0.6806392669677734	0.7605892419815063
123	0.4799089729785919	0.7520958781242371	0.8425449728965759	0.5813463926315308	0.6803117394447327	0.7601141333580017
124	0.48047006130218506	0.7512280344963074	0.8417598009109497	0.5811595916748047	0.6771679520606995	0.761849045753479
125	0.47925400733947754	0.7522596120834351	0.8430096507072449	0.5784437656402588	0.6783468723297119	0.7619422674179077
126	0.47775429487228394	0.7529473304748535	0.8443573117256165	0.5787659287452698	0.6809012293815613	0.7624256014823914
127	0.47819408774375916	0.7525052428245544	0.8436415195465088	0.578630805015564	0.6816216707229614	0.7635295987129211
128	0.4789671301841736	0.7519976496696472	0.8430351614952087	0.5799846053123474	0.6800497770309448	0.7623331546783447
129	0.478250116109848	0.7536023259162903	0.843351423740387	0.5804288387298584	0.6812942028045654	0.7642762064933777
130	0.4760800898075104	0.7535532116889954	0.8452548980712891	0.5803805589675903	0.6791328191757202	0.7619027495384216
131	0.47641050815582275	0.755075991153717	0.8452045917510986	0.581453800201416	0.683259129524231	0.7623721361160278
132	0.4763840436935425	0.7537823915481567	0.8450999855995178	0.5785333514213562	0.6814907193183899	0.7636529207229614
133	0.47527745366096497	0.7561894059181213	0.8463932275772095	0.5806930661201477	0.6780194044113159	0.7624968886375427
134	0.4747218191623688	0.7560747861862183	0.8463885188102722	0.5832879543304443	0.6774299144744873	0.7633576393127441
135	0.4748637080192566	0.7544046640396118	0.8459113836288452	0.580451488494873	0.6803772449493408	0.7643263339996338
136	0.47343188524246216	0.7577940821647644	0.8474167585372925	0.5777342319488525	0.6823421716690063	0.7640946507453918
137	0.47345447540283203	0.7579087018966675	0.8472503423690796	0.5805919766426086	0.6810977458953857	0.7643085718154907
138	0.473114013671875	0.7569753527641296	0.8476430773735046	0.5823325514793396	0.6837176084518433	0.7633318305015564
139	0.4741832911968231	0.7560256719589233	0.8468970060348511	0.5823115110397339	0.6823421716690063	0.7638285756111145
140	0.47241368889808655	0.757057249546051	0.8477683663368225	0.5839272737503052	0.6782158613204956	0.7647249102592468
141	0.4719293713569641	0.7578923106193542	0.848412275314331	0.5852251648902893	0.6777573823928833	0.7643942832946777
142	0.4706142246723175	0.7586128115653992	0.8497399091720581	0.5799249410629272	0.6830626130104065	0.7651235461235046
143	0.47091031074523926	0.7594478726387024	0.8493135571479797	0.5813508033752441	0.683259129524231	0.7652431726455688
144	0.4713829457759857	0.7585145235061646	0.8489807844161987	0.5817036628723145	0.6809012293815613	0.7644633054733276
145	0.46960753202438354	0.7592350244522095	0.8505926132202148	0.5829864740371704	0.6781503558158875	0.764299213886261
146	0.46902504563331604	0.7594642639160156	0.8509255051612854	0.5824667811393738	0.6824731230735779	0.7644713521003723
147	0.46999526023864746	0.7600864768028259	0.8499647378921509	0.5800319910049438	0.683914065361023	0.7658060193061829
148	0.46840229630470276	0.7612817883491516	0.8512620329856873	0.579072892665863	0.6836521029472351	0.7662650346755981
149	0.4683206379413605	0.7596771121025085	0.8514318466186523	0.5798017382621765	0.6838485598564148	0.7673676013946533
150	0.46780747175216675	0.7611016631126404	0.8517160415649414	0.580775797367096	0.6852895021438599	0.7682381868362427
151	0.4673140048980713	0.7617565989494324	0.8523000478744507	0.5820418000221252	0.6835210919380188	0.7664724588394165
152	0.46607619524002075	0.7617074847221375	0.853465735912323	0.5802602171897888	0.6814252138137817	0.7672157883644104
153	0.46600624918937683	0.7609379291534424	0.8532710075378418	0.5814996957778931	0.6822766661643982	0.7650597095489502
154	0.46518412232398987	0.7627554535865784	0.8539789915084839	0.5829773545265198	0.6783468723297119	0.7668722867965698
155	0.46525728702545166	0.7631484270095825	0.8536633849143982	0.5798825025558472	0.6812942028045654	0.7661194801330566
156	0.46449360251426697	0.7632139325141907	0.8544026613235474	0.5792327523231506	0.6823421716690063	0.7682393789291382
157	0.46494683623313904	0.7634758949279785	0.8540979623794556	0.58170485496521	0.68600994348526	0.7680660486221313
158	0.46452292799949646	0.7644092440605164	0.8542459607124329	0.5780502557754517	0.6847000122070312	0.7692500352859497
159	0.4642333388328552	0.7647858262062073	0.8546996116638184	0.5800751447677612	0.6866649389266968	0.7684808373451233
160	0.4627625346183777	0.7651132941246033	0.8559163212776184	0.5811381340026855	0.6869924068450928	0.769037127494812
161	0.4630347490310669	0.7632630467414856	0.8552849292755127	0.5854412317276001	0.6864684224128723	0.7687894105911255
162	0.4631204605102539	0.7646875977516174	0.8554973602294922	0.5822137594223022	0.6799187660217285	0.7658329010009766
163	0.461916983127594	0.7651460766792297	0.8562994003295898	0.5776795744895935	0.6861409544944763	0.7699919939041138
164	0.46314188838005066	0.7636232376098633	0.8551667928695679	0.5781251788139343	0.6880403161048889	0.7707741856575012
165	0.46165731549263	0.7647367119789124	0.8562661409378052	0.5796257853507996	0.6859444379806519	0.768517255783081
166	0.4604651629924774	0.7672091722488403	0.857511579990387	0.5809147357940674	0.686337411403656	0.7687770128250122
167	0.46031761169433594	0.767422080039978	0.8574873208999634	0.5782179832458496	0.681556224822998	0.767669141292572
168	0.45955610275268555	0.7670945525169373	0.8581185936927795	0.5794631838798523	0.6857479810714722	0.7698602676391602
169	0.45959919691085815	0.7672419548034668	0.8579477667808533	0.5810632705688477	0.6831936240196228	0.7703362703323364
170	0.45848819613456726	0.7683226466178894	0.8589901924133301	0.5786144733428955	0.6868613958358765	0.7713797688484192
171	0.45864641666412354	0.76807701587677	0.8588405251502991	0.582173764705658	0.6833900809288025	0.7690955400466919
172	0.4573986828327179	0.7693869471549988	0.8597332835197449	0.5944322347640991	0.6795912981033325	0.762284517288208
173	0.4580552577972412	0.7688629627227783	0.8591969609260559	0.5800498723983765	0.6884333491325378	0.7712839841842651
174	0.45785385370254517	0.7688957452774048	0.8590472936630249	0.5777004361152649	0.6873198747634888	0.7717342972755432
175	0.45665115118026733	0.770222008228302	0.8605129718780518	0.5815826058387756	0.6883678436279297	0.770382285118103
176	0.4568508267402649	0.7697799205780029	0.8601242303848267	0.5806654095649719	0.6869269013404846	0.7708956003189087
177	0.4560266137123108	0.7705822587013245	0.8609648942947388	0.5792827606201172	0.6851584911346436	0.7703597545623779
178	0.45584946870803833	0.7694688439369202	0.8608189821243286	0.5841415524482727	0.6899397373199463	0.7718243598937988
179	0.45563554763793945	0.7695015668869019	0.8607631921768188	0.5829861164093018	0.6864029169082642	0.7705272436141968
180	0.45521774888038635	0.7700910568237305	0.8611969947814941	0.5824970006942749	0.6865339279174805	0.7696725726127625
181	0.45404961705207825	0.7713354825973511	0.8620373010635376	0.5825332403182983	0.6859444379806519	0.7698714137077332
182	0.45432111620903015	0.7726781368255615	0.8620609641075134	0.5837849378585815	0.6826041340827942	0.7707335352897644
183	0.45337924361228943	0.7726618051528931	0.8627033233642578	0.5817690491676331	0.6843070387840271	0.7704124450683594
184	0.45420563220977783	0.7712044715881348	0.8620415925979614	0.5840428471565247	0.6843070387840271	0.7712064385414124
185	0.45362037420272827	0.7714173197746277	0.8624894022941589	0.5904415249824524	0.682866096496582	0.7665025591850281
186	0.45496755838394165	0.7699273228645325	0.8611611127853394	0.5785404443740845	0.6858789920806885	0.7723557353019714
187	0.4520168900489807	0.7733986377716064	0.8635716438293457	0.5842581391334534	0.6871888637542725	0.7712998986244202
188	0.4529445469379425	0.7720232009887695	0.8628501892089844	0.5807422995567322	0.6922321319580078	0.7733234763145447
189	0.4529319405555725	0.7706968784332275	0.862952709197998	0.5794028639793396	0.688826322555542	0.7730693221092224
190	0.4512576460838318	0.7752816081047058	0.8643938899040222	0.5824334025382996	0.6862064599990845	0.7729625105857849
191	0.45144104957580566	0.7743483185768127	0.8642318844795227	0.5854915976524353	0.6862064599990845	0.770338237285614
192	0.45048582553863525	0.775019645690918	0.8648223876953125	0.5813455581665039	0.6881058216094971	0.7723953723907471
193	0.4494341313838959	0.7758710980415344	0.8655954599380493	0.5815798044204712	0.6894157528877258	0.7722110152244568
194	0.44937247037887573	0.7744138240814209	0.8654848337173462	0.5805279016494751	0.6903327107429504	0.7741075158119202
195	0.4494610130786896	0.7745775580406189	0.8655030727386475	0.582581102848053	0.6922321319580078	0.7739725708961487
196	0.4498681426048279	0.7748231887817383	0.8651367425918579	0.5821732878684998	0.6877128481864929	0.7728680372238159
197	0.4477148652076721	0.7766570448875427	0.8666964173316956	0.5860188007354736	0.6892192959785461	0.7723773121833801
198	0.44795864820480347	0.7763295769691467	0.8665320873260498	0.5801344513893127	0.6901362538337708	0.7734341025352478
199	0.44786781072616577	0.77634596824646	0.8666983842849731	0.5850929021835327	0.6892192959785461	0.7715623378753662
200	0.44792938232421875	0.775347113609314	0.8665671944618225	0.5819498300552368	0.6879748702049255	0.7734581828117371
201	0.4472114145755768	0.776509702205658	0.86704421043396	0.5815056562423706	0.6895467638969421	0.7738649249076843
202	0.44646623730659485	0.776788055896759	0.8677762150764465	0.584102988243103	0.6903327107429504	0.7729941010475159
203	0.4460172951221466	0.776788055896759	0.8677168488502502	0.5841724872589111	0.6873853802680969	0.7735778093338013
204	0.44541850686073303	0.778441846370697	0.8684808611869812	0.5808921456336975	0.6865339279174805	0.7731223106384277
205	0.4450118839740753	0.7783763408660889	0.8685510158538818	0.5860991477966309	0.6900052428245544	0.7727290987968445
206	0.4453883767127991	0.7780488729476929	0.868337094783783	0.5860199928283691	0.6890227794647217	0.7725940346717834
207	0.4443729817867279	0.7786710858345032	0.869028627872467	0.583638608455658	0.6883023381233215	0.7731897234916687
208	0.4446554481983185	0.7777050137519836	0.8688249588012695	0.5833677053451538	0.688826322555542	0.7741793990135193
209	0.44384607672691345	0.7790804505348206	0.8694734573364258	0.583733081817627	0.6913806796073914	0.7747079133987427
210	0.4448525011539459	0.777999758720398	0.8689297437667847	0.5862303972244263	0.689153790473938	0.7735240459442139
211	0.44426223635673523	0.7788348197937012	0.8690190315246582	0.5822450518608093	0.6900052428245544	0.7742785811424255
212	0.442680299282074	0.7794897556304932	0.8703361749649048	0.58355712890625	0.6905947327613831	0.7737681865692139
213	0.4427390694618225	0.7794734239578247	0.8704050183296204	0.5867006182670593	0.6883023381233215	0.7726461887359619
214	0.4429337680339813	0.7782617211341858	0.8698638677597046	0.5882823467254639	0.6902672052383423	0.7736244797706604
215	0.44188886880874634	0.7804067134857178	0.8709140419960022	0.5862187743186951	0.6890882849693298	0.7734086513519287
216	0.4408811926841736	0.7808324694633484	0.8715198040008545	0.5819349884986877	0.692297637462616	0.7760152816772461
217	0.44130921363830566	0.7805050015449524	0.8710827231407166	0.5848742723464966	0.6897432804107666	0.774293065071106
218	0.4406077563762665	0.7810944318771362	0.8718734979629517	0.5841768980026245	0.6892848014831543	0.7741621732711792
219	0.4407079815864563	0.780914306640625	0.8717073798179626	0.5888268947601318	0.689153790473938	0.7745955586433411
220	0.43976882100105286	0.7810617089271545	0.8723037838935852	0.5846480131149292	0.6908566951751709	0.7743957042694092
221	0.4393644332885742	0.7820441722869873	0.8724319338798523	0.5841084122657776	0.6908566951751709	0.7740839123725891
222	0.4402015507221222	0.7802429795265198	0.8719173073768616	0.5874522924423218	0.6900052428245544	0.773868203163147
223	0.4387335181236267	0.7826499938964844	0.8728007078170776	0.5851384401321411	0.6922321319580078	0.7752730846405029
224	0.4396236836910248	0.7826172113418579	0.8721843957901001	0.5845275521278381	0.690922200679779	0.7752367854118347
225	0.43836989998817444	0.7813727855682373	0.8731042146682739	0.5887477993965149	0.6875163912773132	0.7727268934249878
226	0.43852391839027405	0.7829774618148804	0.8730745315551758	0.5879789590835571	0.6881058216094971	0.774285078048706
227	0.43768736720085144	0.7822079062461853	0.8737095594406128	0.5859478712081909	0.6895467638969421	0.7752373218536377
228	0.43766605854034424	0.7817985415458679	0.8733090758323669	0.5881881713867188	0.6869269013404846	0.7746904492378235
229	0.43655267357826233	0.7830102443695068	0.874352216720581	0.5836518406867981	0.6917736530303955	0.7765175104141235
230	0.43677955865859985	0.7828301191329956	0.8742325901985168	0.5867277383804321	0.6937385201454163	0.7759332656860352
231	0.4367966055870056	0.7835341691970825	0.8742640614509583	0.583102285861969	0.6919701099395752	0.775787889957428
232	0.43565046787261963	0.7844511270523071	0.8749200701713562	0.5876994729042053	0.6913806796073914	0.7753636240959167
233	0.4357249438762665	0.7836815714836121	0.8747454285621643	0.5938779711723328	0.6893502473831177	0.7755833864212036
234	0.43625786900520325	0.7837142944335938	0.8745070695877075	0.5942161083221436	0.6931490898132324	0.7746990919113159
235	0.43581128120422363	0.7839435338973999	0.8748220801353455	0.5880271792411804	0.6901362538337708	0.7748532891273499
236	0.43600356578826904	0.7836324572563171	0.874877393245697	0.5871605277061462	0.6881058216094971	0.7758967876434326
237	0.4351750612258911	0.7850733399391174	0.8752174377441406	0.5924432277679443	0.6892848014831543	0.7732810378074646
238	0.43473389744758606	0.784549355506897	0.8754070401191711	0.5918732285499573	0.6914461851119995	0.7762053608894348
239	0.433558851480484	0.7849096059799194	0.8762928247451782	0.5908167362213135	0.6869924068450928	0.7750522494316101
240	0.4331018924713135	0.7851061224937439	0.876505970954895	0.5894482731819153	0.6865994334220886	0.7745864987373352
241	0.4340134859085083	0.7854008674621582	0.8757396340370178	0.5869296193122864	0.6951794624328613	0.7762062549591064
242	0.4320502281188965	0.7854335904121399	0.8773221969604492	0.5920963883399963	0.6938040256500244	0.7760190963745117
243	0.43234026432037354	0.786989152431488	0.8771071434020996	0.5886151790618896	0.6882368326187134	0.7750716805458069
244	0.4324978291988373	0.7864323854446411	0.8770068287849426	0.5924805998802185	0.6917081475257874	0.7747495770454407
245	0.43268951773643494	0.7849587202072144	0.8769363760948181	0.5908576846122742	0.6884333491325378	0.7739862203598022
246	0.43118298053741455	0.787038266658783	0.877874493598938	0.594784140586853	0.6856169700622559	0.774442195892334
247	0.430467814207077	0.7877423167228699	0.8783242106437683	0.5943811535835266	0.6909877061843872	0.77510005235672
248	0.43048790097236633	0.7874312400817871	0.8781764507293701	0.5871420502662659	0.6901362538337708	0.7751418352127075
249	0.4301721453666687	0.7884300351142883	0.8786941170692444	0.5908964276313782	0.6921011209487915	0.7742722630500793
250	0.4305686354637146	0.7882171869277954	0.8782645463943481	0.5875881910324097	0.6938040256500244	0.7779422998428345
251	0.4294463098049164	0.7884464263916016	0.8791447877883911	0.5901097059249878	0.6882368326187134	0.7752887606620789
252	0.42857199907302856	0.7890359163284302	0.8796582221984863	0.5898398756980896	0.6933455467224121	0.7757790088653564
253	0.42926791310310364	0.7878406047821045	0.8791102766990662	0.5957258343696594	0.6883678436279297	0.7749365568161011
254	0.42797863483428955	0.7884791493415833	0.8800519108772278	0.5934699773788452	0.689153790473938	0.774333119392395
255	0.4288163483142853	0.7891013622283936	0.879419207572937	0.5898334383964539	0.6918391585350037	0.7777495384216309
256	0.42760664224624634	0.7883481979370117	0.8801428079605103	0.5895180106163025	0.6941314935684204	0.7761515378952026
257	0.4275497496128082	0.7908042669296265	0.880267322063446	0.5985745191574097	0.6843070387840271	0.7749524712562561
258	0.42665863037109375	0.7895435094833374	0.8807939887046814	0.5896210074424744	0.692952573299408	0.7769306302070618
259	0.42739275097846985	0.7887411713600159	0.8802295327186584	0.5931085348129272	0.6926906108856201	0.7764360904693604
260	0.42709776759147644	0.7892487645149231	0.880537211894989	0.5888206362724304	0.689481258392334	0.7762580513954163
261	0.4269956946372986	0.7891832590103149	0.8806695938110352	0.592924952507019	0.6886953115463257	0.7763290405273438
262	0.4267581105232239	0.7906897068023682	0.8807141184806824	0.5924961566925049	0.6960309147834778	0.7767570614814758
263	0.42645448446273804	0.7898218631744385	0.8809145092964172	0.5936734676361084	0.6890227794647217	0.7754340767860413
264	0.4244057536125183	0.7904440760612488	0.882358729839325	0.5933106541633606	0.6936075687408447	0.7771723866462708
265	0.4267062544822693	0.7897563576698303	0.8808220624923706	0.5968018770217896	0.694720983505249	0.7763193845748901
266	0.4246363341808319	0.7896908521652222	0.8819494247436523	0.5952147841453552	0.6873198747634888	0.7759908437728882
267	0.42696335911750793	0.789625346660614	0.8803648948669434	0.5921778082847595	0.689481258392334	0.7745763659477234
268	0.42362475395202637	0.7924253344535828	0.8829516172409058	0.5908299088478088	0.6919046640396118	0.7782018184661865
269	0.42342042922973633	0.792605459690094	0.8829355239868164	0.5926473140716553	0.6938695311546326	0.7774685025215149
270	0.4236805737018585	0.7923926115036011	0.8828585147857666	0.5951099395751953	0.6927561163902283	0.7770612835884094
271	0.4230562746524811	0.7923598289489746	0.8831738829612732	0.5956721901893616	0.6934110522270203	0.7765870094299316
272	0.42359066009521484	0.7914101481437683	0.8826658129692078	0.5953653454780579	0.6948519945144653	0.7769577503204346
273	0.4228200316429138	0.7909680604934692	0.8833380341529846	0.5976914167404175	0.6875163912773132	0.7760275602340698
274	0.42238619923591614	0.792769193649292	0.8834061622619629	0.5981389284133911	0.6917081475257874	0.7760094404220581
275	0.4228397011756897	0.7913773655891418	0.8831360340118408	0.5935826301574707	0.694066047668457	0.7769054174423218
276	0.4208027124404907	0.793260395526886	0.8845599293708801	0.5935079455375671	0.6911841630935669	0.7769925594329834
277	0.42106354236602783	0.7936861515045166	0.8844266533851624	0.592016875743866	0.6940005421638489	0.7779933214187622
278	0.4211868345737457	0.7933259010314941	0.8841404318809509	0.5926333665847778	0.6906601786613464	0.7776690721511841
279	0.4203910827636719	0.7942755818367004	0.8848424553871155	0.5940989255905151	0.6933455467224121	0.7780041694641113
280	0.4212177097797394	0.7927364706993103	0.8840650916099548	0.5981408953666687	0.6890882849693298	0.7767082452774048
281	0.420385479927063	0.7944065928459167	0.8847824931144714	0.5932607650756836	0.6941314935684204	0.7773994207382202
282	0.4199981987476349	0.794259250164032	0.885004997253418	0.5978652834892273	0.6924940943717957	0.777219831943512
283	0.4197269082069397	0.7946031093597412	0.8852773904800415	0.5972324013710022	0.6877783536911011	0.7774664759635925
284	0.4195985496044159	0.7945539951324463	0.8850893378257751	0.5992289781570435	0.6921666264533997	0.7755202054977417
285	0.41971975564956665	0.79442298412323	0.8851953744888306	0.6005396246910095	0.6970133781433105	0.7779609560966492
286	0.4180586040019989	0.7970755696296692	0.8863464593887329	0.5953534841537476	0.6935420632362366	0.7775039672851562
287	0.41745898127555847	0.7966007590293884	0.886639416217804	0.5963830947875977	0.6935420632362366	0.7766150832176208
288	0.4176693260669708	0.7961094975471497	0.8865897059440613	0.5966892838478088	0.6930835843086243	0.7764196991920471
289	0.4172831177711487	0.7954217791557312	0.8867359757423401	0.5989654064178467	0.6940005421638489	0.7765387296676636
290	0.41758283972740173	0.7967153787612915	0.8866250514984131	0.5989452600479126	0.6921666264533997	0.7763450741767883
291	0.4183972477912903	0.7949469685554504	0.8858315944671631	0.5995548367500305	0.692952573299408	0.778415858745575
292	0.4165809154510498	0.7952908277511597	0.8870790600776672	0.5962228775024414	0.6980612874031067	0.7794328927993774
293	0.41669297218322754	0.7971410751342773	0.8871544003486633	0.6009715795516968	0.6915116310119629	0.7757393717765808
294	0.41634711623191833	0.795749306678772	0.8871431350708008	0.5978314280509949	0.6927561163902283	0.7771562933921814
295	0.41565895080566406	0.7977141737937927	0.8877263069152832	0.5973522067070007	0.6936730146408081	0.7763339281082153
296	0.4157025218009949	0.7970755696296692	0.8875937461853027	0.5937435626983643	0.6977993249893188	0.7786387205123901
297	0.41590365767478943	0.7967644929885864	0.8876202702522278	0.6050858497619629	0.6902672052383423	0.7759611010551453
298	0.41614657640457153	0.7972884178161621	0.88750159740448	0.5991058945655823	0.6909877061843872	0.7778676152229309
299	0.4160900413990021	0.7961422801017761	0.887347936630249	0.5997810363769531	0.6965548992156982	0.7778676748275757
300	0.41472327709198	0.797845184803009	0.8882420063018799	0.6071468591690063	0.6877783536911011	0.7767273187637329
301	0.4137161076068878	0.7981890439987183	0.8888319730758667	0.5976920127868652	0.691249668598175	0.7777360081672668
302	0.4141131043434143	0.798549234867096	0.8887527585029602	0.6026588678359985	0.6930180788040161	0.7769182920455933
303	0.4135013520717621	0.7977796792984009	0.8888543844223022	0.5994458794593811	0.692297637462616	0.776414155960083
304	0.41327840089797974	0.7997445464134216	0.8893240094184875	0.6009634733200073	0.6892848014831543	0.7773403525352478
305	0.4133225083351135	0.7988112568855286	0.8892117738723755	0.5995851159095764	0.6908566951751709	0.7779905796051025
306	0.4121580421924591	0.7996954321861267	0.8899762630462646	0.6004640460014343	0.6958999037742615	0.7778594493865967
307	0.41210004687309265	0.8002849221229553	0.8899356126785278	0.5986104011535645	0.6954414248466492	0.7785360217094421
308	0.4122161567211151	0.798827588558197	0.8898407816886902	0.5983328819274902	0.6968168616294861	0.7795390486717224
309	0.41207748651504517	0.7996135950088501	0.8898536562919617	0.5998953580856323	0.694720983505249	0.7775788903236389
310	0.41169434785842896	0.7997936606407166	0.8901655673980713	0.5984755754470825	0.6965548992156982	0.7780117988586426
311	0.4114566743373871	0.8004650473594666	0.8902504444122314	0.6032799482345581	0.6927561163902283	0.7769739031791687
312	0.4109477400779724	0.8002849221229553	0.8905220031738281	0.5993127822875977	0.6928870677947998	0.7775514721870422
313	0.4096718728542328	0.8005141615867615	0.8915723562240601	0.6035881638526917	0.6917081475257874	0.7776449918746948
314	0.4108484387397766	0.8001703023910522	0.8905554413795471	0.6062389016151428	0.6890882849693298	0.7776418328285217
315	0.41042065620422363	0.7994825839996338	0.8908225297927856	0.6018505096435547	0.6958999037742615	0.777419924736023
316	0.41018667817115784	0.8006942868232727	0.8910112380981445	0.6041434407234192	0.6958999037742615	0.7774136662483215
317	0.409685343503952	0.8010217547416687	0.8914569020271301	0.5981690287590027	0.6936730146408081	0.7785293459892273
318	0.40895214676856995	0.8010708689689636	0.891662061214447	0.6020565032958984	0.6958343982696533	0.778588593006134
319	0.40857645869255066	0.8018895983695984	0.892008364200592	0.602635383605957	0.6917081475257874	0.776286780834198
320	0.4086495637893677	0.8015129566192627	0.8919002413749695	0.601201057434082	0.6931490898132324	0.778967022895813
321	0.4085023105144501	0.8011690974235535	0.891884446144104	0.6000233292579651	0.6993057131767273	0.778670072555542
322	0.40748706459999084	0.8010381460189819	0.8926080465316772	0.609092652797699	0.6925595998764038	0.7757272720336914
323	0.40864190459251404	0.8018240928649902	0.8920639753341675	0.6045098304748535	0.6948519945144653	0.7773663401603699
324	0.4075760245323181	0.801643967628479	0.8924797177314758	0.6018372774124146	0.6955724358558655	0.7780221104621887
325	0.4078368544578552	0.8017258048057556	0.8922531008720398	0.6074351668357849	0.6900707483291626	0.7775387167930603
326	0.4071492552757263	0.8022497892379761	0.8928378820419312	0.6045899391174316	0.6976028084754944	0.7794116735458374
327	0.40656909346580505	0.8032486438751221	0.8933225870132446	0.6069380044937134	0.694720983505249	0.7775072455406189
328	0.40609484910964966	0.8019223213195801	0.893479585647583	0.6073773503303528	0.6938040256500244	0.7776995897293091
329	0.40650975704193115	0.8030194044113159	0.8931626677513123	0.605204164981842	0.6962928771972656	0.778607964515686
330	0.40617749094963074	0.8039035797119141	0.8933186531066895	0.6025288105010986	0.6941969990730286	0.7779894471168518
331	0.405773401260376	0.8032813668251038	0.8937509655952454	0.6058615446090698	0.6911841630935669	0.7790058255195618
332	0.40539711713790894	0.8029866218566895	0.8937755823135376	0.6072884798049927	0.6925595998764038	0.7779401540756226
333	0.4053930342197418	0.8031176328659058	0.8937654495239258	0.6109668016433716	0.6888918280601501	0.7765146493911743
334	0.40430212020874023	0.8039854764938354	0.8945552706718445	0.6063839793205261	0.6903982162475586	0.7770516872406006
335	0.4047781229019165	0.8036907315254211	0.8941940069198608	0.6033574342727661	0.6954414248466492	0.7784663438796997
336	0.40413761138916016	0.8053281307220459	0.894707441329956	0.6056119799613953	0.693280041217804	0.7785812020301819
337	0.40400344133377075	0.8047550320625305	0.8946470618247986	0.6084328889846802	0.6958343982696533	0.7786252498626709
338	0.40250295400619507	0.8049842715263367	0.8956363797187805	0.6083589196205139	0.6953104734420776	0.778752326965332
339	0.4056206941604614	0.8026264309883118	0.8935471773147583	0.6083053946495056	0.6947864890098572	0.7774751782417297
340	0.4035234749317169	0.8040837049484253	0.8950464129447937	0.6067726612091064	0.6962928771972656	0.7786146998405457
341	0.4028075635433197	0.8061140775680542	0.8954832553863525	0.6108925938606262	0.6911186575889587	0.7777891755104065
342	0.40263891220092773	0.8048696517944336	0.8953698873519897	0.6088691353797913	0.6957689523696899	0.7776225805282593
343	0.40227198600769043	0.8055737614631653	0.895634651184082	0.6096420884132385	0.6983888149261475	0.7790426015853882
344	0.4014694094657898	0.8071620464324951	0.8963605165481567	0.60926353931427	0.6944590210914612	0.778008759021759
345	0.4018324017524719	0.8061468601226807	0.8958550691604614	0.6103561520576477	0.6983888149261475	0.7797919511795044
346	0.4021819829940796	0.8058030009269714	0.8956282734870911	0.6098150014877319	0.6942625045776367	0.777677595615387
347	0.40138551592826843	0.8054100275039673	0.8961929678916931	0.6116266250610352	0.6919046640396118	0.7773880362510681
348	0.4013496935367584	0.806048572063446	0.8961281776428223	0.6144797801971436	0.6941314935684204	0.7773445248603821
349	0.4009624421596527	0.8066708445549011	0.896365225315094	0.6112388372421265	0.6991092562675476	0.7792121171951294
350	0.4003450274467468	0.8075059056282043	0.8968102335929871	0.6121606826782227	0.6905947327613831	0.7777822613716125
351	0.40144920349121094	0.8064579367637634	0.8959856033325195	0.6139891743659973	0.6896122694015503	0.7758934497833252
352	0.3998580873012543	0.8069491982460022	0.8969731330871582	0.6083396077156067	0.6957689523696899	0.77854984998703
353	0.3991016745567322	0.8073912858963013	0.8974006772041321	0.6130824089050293	0.694393515586853	0.7772203087806702
354	0.3985843062400818	0.808864951133728	0.8978468179702759	0.6099393367767334	0.6931490898132324	0.7785658240318298
355	0.39913704991340637	0.8086848258972168	0.8974360823631287	0.6090062260627747	0.6953759789466858	0.7793973684310913
356	0.3994647264480591	0.8071784377098083	0.8972359299659729	0.6113015413284302	0.6938695311546326	0.7784073948860168
357	0.3983616828918457	0.8075222969055176	0.8979431390762329	0.6123318076133728	0.6930835843086243	0.7777318358421326
358	0.3997690975666046	0.8068345785140991	0.8970265984535217	0.613646924495697	0.6936075687408447	0.7760613560676575
359	0.39870086312294006	0.8073585033416748	0.8975781202316284	0.6107407212257385	0.6964893937110901	0.7779125571250916
360	0.39768004417419434	0.8097327947616577	0.8983773589134216	0.6170026659965515	0.6960964202880859	0.7766337990760803
361	0.3976472318172455	0.8084719777107239	0.8982340097427368	0.6164854168891907	0.6934765577316284	0.7772631049156189
362	0.3974511921405792	0.8078333735466003	0.8985082507133484	0.6154466867446899	0.6965548992156982	0.7780455946922302
363	0.39636629819869995	0.8094380497932434	0.8991772532463074	0.6124147176742554	0.694393515586853	0.7783417105674744
364	0.3961576819419861	0.8099292516708374	0.8992186784744263	0.6142364144325256	0.6933455467224121	0.7766311168670654
365	0.3964262306690216	0.8094380497932434	0.8991161584854126	0.6118350028991699	0.6936075687408447	0.7776577472686768
366	0.39614731073379517	0.8094052672386169	0.8992957472801208	0.6216307282447815	0.6882368326187134	0.7777745127677917
367	0.3956074118614197	0.8096345067024231	0.8995112180709839	0.6183729767799377	0.6926906108856201	0.7765973210334778
368	0.39611318707466125	0.8111409544944763	0.8992762565612793	0.6223738193511963	0.6889572739601135	0.7755831480026245
369	0.39607059955596924	0.8098637461662292	0.8992317914962769	0.6139772534370422	0.6942625045776367	0.7783892750740051
370	0.3952464163303375	0.8110590577125549	0.8997867107391357	0.6189980506896973	0.6949175000190735	0.7765082716941833
371	0.39562585949897766	0.810355007648468	0.8994570374488831	0.619101881980896	0.694393515586853	0.777884304523468
372	0.39418819546699524	0.811337411403656	0.9003040790557861	0.6179372668266296	0.6923630833625793	0.777728796005249
373	0.39560970664024353	0.8108953237533569	0.8995702266693115	0.6192402243614197	0.6892848014831543	0.7757572531700134
374	0.39356711506843567	0.8122052550315857	0.9007881283760071	0.6212220788002014	0.6921666264533997	0.7766261696815491
375	0.39418262243270874	0.8111081719398499	0.9003502726554871	0.6164090633392334	0.6919701099395752	0.7767932415008545
376	0.3939041197299957	0.8110263347625732	0.9003123044967651	0.615257203578949	0.6952449679374695	0.7777105569839478
377	0.39289548993110657	0.8116321563720703	0.9010943174362183	0.6160306930541992	0.6959654092788696	0.7781051397323608
378	0.3934885859489441	0.8113046884536743	0.9007317423820496	0.6186153888702393	0.6962274312973022	0.7772008776664734
379	0.3933136463165283	0.8100274801254272	0.9006828665733337	0.6178073287010193	0.6945899724960327	0.777412474155426
380	0.39212673902511597	0.8129093647003174	0.9013968110084534	0.6130870580673218	0.6935420632362366	0.77702397108078
381	0.391070693731308	0.812827467918396	0.9022292494773865	0.6180641651153564	0.6944590210914612	0.7787433862686157
382	0.390685111284256	0.8130894899368286	0.9023876786231995	0.6148056983947754	0.6943280100822449	0.7783083319664001
383	0.3922983407974243	0.812663733959198	0.9013386964797974	0.6211653351783752	0.6921666264533997	0.776708722114563
384	0.3911992013454437	0.8123689889907837	0.9020462036132812	0.6192983984947205	0.6936075687408447	0.7780848741531372
385	0.39112868905067444	0.8134660720825195	0.9020466804504395	0.6203597784042358	0.6964893937110901	0.778022289276123
386	0.39071276783943176	0.8135315775871277	0.902425229549408	0.6230313777923584	0.6927561163902283	0.7781162261962891
387	0.39162763953208923	0.8122707605361938	0.9018238186836243	0.6221510171890259	0.6962274312973022	0.7780913710594177
388	0.3918130397796631	0.8114029169082642	0.9014272689819336	0.6299375891685486	0.6935420632362366	0.7770327925682068
389	0.39154043793678284	0.8126146197319031	0.9016545414924622	0.6208067536354065	0.6935420632362366	0.7767025232315063
390	0.3907324969768524	0.8122380375862122	0.9021888375282288	0.6214150786399841	0.6931490898132324	0.7780174612998962
391	0.38987231254577637	0.8148579001426697	0.902888298034668	0.6190587282180786	0.6968823671340942	0.779697597026825
392	0.38973450660705566	0.8133187294006348	0.9027960300445557	0.619147002696991	0.6945899724960327	0.7781208753585815
393	0.3890070617198944	0.8134169578552246	0.903242290019989	0.6209424734115601	0.6958999037742615	0.7782902717590332
394	0.3894091844558716	0.8132204413414001	0.9028003811836243	0.6208608746528625	0.6956379413604736	0.77854323387146
395	0.38746193051338196	0.8144485354423523	0.904080867767334	0.6259981393814087	0.6915116310119629	0.7759183049201965
396	0.3890524208545685	0.8139081597328186	0.903204083442688	0.6200929284095764	0.698847234249115	0.7796834707260132
397	0.3891547918319702	0.8150052428245544	0.9031058549880981	0.6210275292396545	0.6940005421638489	0.7776579260826111
398	0.38806113600730896	0.8152180910110474	0.9039180874824524	0.6296983361244202	0.6892848014831543	0.7764782309532166
399	0.3862152397632599	0.8164952993392944	0.9049035310745239	0.6235818266868591	0.6972753405570984	0.7788509130477905
400	0.3878559470176697	0.8148579001426697	0.9038457274436951	0.623627781867981	0.697537362575531	0.7792330980300903
401	0.3868792653083801	0.8149725198745728	0.904427707195282	0.6305586695671082	0.6947864890098572	0.7750555276870728
402	0.3867197036743164	0.8164789080619812	0.9047483801841736	0.6251091957092285	0.6928215622901917	0.777008056640625
403	0.3866773545742035	0.8151034712791443	0.9045515656471252	0.626410722732544	0.6952449679374695	0.7774819135665894
404	0.3860463798046112	0.8165444135665894	0.9050245881080627	0.6325215101242065	0.6940005421638489	0.7764411568641663
405	0.3865855038166046	0.8163478970527649	0.9045106172561646	0.6260590553283691	0.6934765577316284	0.7760628461837769
406	0.38609078526496887	0.8166917562484741	0.9048416018486023	0.6290501356124878	0.6911841630935669	0.7775132656097412
407	0.3857499659061432	0.8170192837715149	0.9050459265708923	0.6282576322555542	0.6962274312973022	0.7775969505310059
408	0.38511693477630615	0.8169537782669067	0.9054011702537537	0.6244179606437683	0.6965548992156982	0.7786325812339783
409	0.38520658016204834	0.8163151741027832	0.9053956866264343	0.6280292868614197	0.6951794624328613	0.7787914276123047
410	0.3852878510951996	0.8160204291343689	0.9052176475524902	0.6299270391464233	0.6924940943717957	0.7771040797233582
411	0.38512536883354187	0.8160204291343689	0.9053086042404175	0.6234645247459412	0.6923630833625793	0.7772035598754883
412	0.3834923803806305	0.8180508017539978	0.9063414931297302	0.6360615491867065	0.6938695311546326	0.7772176861763
413	0.3842434883117676	0.8168227672576904	0.9058387875556946	0.6302107572555542	0.6989127397537231	0.777914822101593
414	0.3844132125377655	0.8175923228263855	0.9057314991950989	0.6316954493522644	0.6917081475257874	0.7759482860565186
415	0.3841984272003174	0.8172812461853027	0.9058424234390259	0.6266217231750488	0.6962274312973022	0.7788294553756714
416	0.38338804244995117	0.8184929490089417	0.9063252806663513	0.6253657341003418	0.6951794624328613	0.7768014669418335
417	0.38248640298843384	0.8186402916908264	0.9070246815681458	0.6313332915306091	0.6902016997337341	0.7767850160598755
418	0.3834132254123688	0.8188204169273376	0.9062740802764893	0.6356385350227356	0.6911841630935669	0.775863766670227
419	0.38354071974754333	0.8171011209487915	0.9061672687530518	0.6291353106498718	0.6925595998764038	0.7772639393806458
420	0.38323742151260376	0.818230926990509	0.9063158631324768	0.6358707547187805	0.6970788836479187	0.7776978611946106
421	0.38217228651046753	0.818558394908905	0.9070104360580444	0.6323626041412354	0.6916426420211792	0.7749660015106201
422	0.3830735385417938	0.816462516784668	0.9064727425575256	0.6285220980644226	0.6946554780006409	0.7783071994781494
423	0.3821415901184082	0.8171993494033813	0.9069786667823792	0.6356214284896851	0.6934765577316284	0.7745838761329651
424	0.38178396224975586	0.819884717464447	0.9072574377059937	0.6299813985824585	0.6955724358558655	0.7775793075561523
425	0.38065582513809204	0.8193444013595581	0.9079619646072388	0.6287539601325989	0.6918391585350037	0.7772230505943298
426	0.38010507822036743	0.8206870555877686	0.9081174731254578	0.6350632905960083	0.6896777749061584	0.7769496440887451
427	0.3811802864074707	0.8201139569282532	0.9075912833213806	0.6273605227470398	0.6936075687408447	0.7778202891349792
428	0.38269785046577454	0.8176087141036987	0.9065712094306946	0.6275157928466797	0.6938695311546326	0.7774262428283691
429	0.3810075521469116	0.8186402916908264	0.907569169998169	0.6295480132102966	0.6938695311546326	0.7781406044960022
430	0.3805002272129059	0.8197373747825623	0.9079744219779968	0.6327300667762756	0.6925595998764038	0.776666522026062
431	0.3807539939880371	0.8188531398773193	0.9076926112174988	0.6343272924423218	0.6953759789466858	0.7763071656227112
432	0.3805278539657593	0.8205069303512573	0.9080080389976501	0.6340051889419556	0.6892848014831543	0.7764618396759033
433	0.37969937920570374	0.8203431963920593	0.908392608165741	0.632627010345459	0.6973408460617065	0.7779190540313721
434	0.37921562790870667	0.8199993371963501	0.9086115956306458	0.6323014497756958	0.6934765577316284	0.7769704461097717
435	0.3790803849697113	0.8198356032371521	0.9086006283760071	0.6368430852890015	0.6944590210914612	0.7771996855735779
436	0.3786008358001709	0.8207197785377502	0.9088782072067261	0.6340926885604858	0.6935420632362366	0.7780330777168274
437	0.3781029284000397	0.8213420510292053	0.909140408039093	0.6336193680763245	0.6944590210914612	0.7775665521621704
438	0.37850040197372437	0.8202613592147827	0.9089213013648987	0.6363837718963623	0.6971443295478821	0.778052031993866
439	0.37869593501091003	0.8220624923706055	0.9089208245277405	0.6319828033447266	0.6968823671340942	0.7787590622901917
440	0.37764015793800354	0.8204414248466492	0.9094960689544678	0.6327559947967529	0.6947864890098572	0.778132975101471
441	0.3779546022415161	0.821211040019989	0.9093239307403564	0.6339465975761414	0.694393515586853	0.7771121859550476
442	0.3776373267173767	0.8212601542472839	0.9094943404197693	0.647635817527771	0.6896122694015503	0.7773970365524292
443	0.37881845235824585	0.8211128115653992	0.908715009689331	0.6308364272117615	0.6955724358558655	0.7787173390388489
444	0.3788943588733673	0.8204578161239624	0.9086823463439941	0.6364149451255798	0.6977338194847107	0.7776781916618347
445	0.37727826833724976	0.8221935033798218	0.9096920490264893	0.643730878829956	0.694066047668457	0.7772855162620544
446	0.37727656960487366	0.8205724358558655	0.9095898270606995	0.6387925148010254	0.6954414248466492	0.7764059901237488
447	0.37766754627227783	0.8206706643104553	0.9093691110610962	0.6373375654220581	0.6934765577316284	0.7768944501876831
448	0.3765055239200592	0.8211291432380676	0.9100440740585327	0.6406258344650269	0.6934110522270203	0.7755922675132751
449	0.37693601846694946	0.8215876221656799	0.9097534418106079	0.6447400450706482	0.6932145953178406	0.7759090065956116
450	0.37631747126579285	0.8223572373390198	0.9101499319076538	0.6321375966072083	0.6958999037742615	0.7777174711227417
451	0.3755524456501007	0.8228157162666321	0.9104776382446289	0.6464163661003113	0.6894157528877258	0.7748557925224304
452	0.37534481287002563	0.8220624923706055	0.9106429815292358	0.6369962692260742	0.694720983505249	0.7765554785728455
453	0.37455564737319946	0.8237817883491516	0.9111427664756775	0.6450019478797913	0.6924940943717957	0.77542644739151
454	0.3756137192249298	0.8235034346580505	0.9104267358779907	0.6408960819244385	0.6941314935684204	0.7766373753547668
455	0.3752231299877167	0.8227502107620239	0.910592257976532	0.6391502618789673	0.6944590210914612	0.7765582203865051
456	0.3742736876010895	0.8230940699577332	0.911201000213623	0.6411670446395874	0.6949829459190369	0.7763969898223877
457	0.37403014302253723	0.8232086896896362	0.9112719893455505	0.6399031281471252	0.693280041217804	0.7777801752090454
458	0.37365666031837463	0.8238964080810547	0.9115195274353027	0.6370925307273865	0.6930180788040161	0.7760043740272522
459	0.3740806579589844	0.8225045800209045	0.911257266998291	0.6361857056617737	0.6983888149261475	0.7783069610595703
460	0.3749321699142456	0.8226847052574158	0.910798192024231	0.6411986947059631	0.6951139569282532	0.7780071496963501
461	0.3747330904006958	0.8227829337120056	0.9108142852783203	0.639096200466156	0.6962274312973022	0.7771450281143188
462	0.37375709414482117	0.8241419792175293	0.9114693999290466	0.6437411308288574	0.6956379413604736	0.7772485017776489
463	0.37325727939605713	0.8242402672767639	0.9116981029510498	0.6478058695793152	0.6960309147834778	0.7774848341941833
464	0.37277549505233765	0.8241910934448242	0.9119740128517151	0.6397212147712708	0.6966858506202698	0.778589129447937
465	0.3735179007053375	0.8239455223083496	0.9116308093070984	0.6429262161254883	0.6953759789466858	0.7764236330986023
466	0.3721731901168823	0.8248788118362427	0.9123343229293823	0.6438748836517334	0.6917081475257874	0.7762286067008972
467	0.37256738543510437	0.8244531154632568	0.9121060967445374	0.6458538174629211	0.6968168616294861	0.7767555713653564
468	0.37201130390167236	0.825779378414154	0.9124186635017395	0.6517723202705383	0.6881713271141052	0.7751500606536865
469	0.37176042795181274	0.8231759071350098	0.9124311804771423	0.6436984539031982	0.6952449679374695	0.7771549224853516
470	0.37167495489120483	0.8250425457954407	0.912615180015564	0.6486889123916626	0.692297637462616	0.7764062881469727
471	0.37196722626686096	0.8261396288871765	0.9123700261116028	0.6415694355964661	0.6937385201454163	0.7768442034721375
472	0.3711685836315155	0.8256975412368774	0.9128507375717163	0.6464107632637024	0.6939350366592407	0.7780375480651855
473	0.3704633116722107	0.8262542486190796	0.9131449460983276	0.6493822336196899	0.6923630833625793	0.7755675911903381
474	0.3713351786136627	0.8250589370727539	0.9127413034439087	0.6445663571357727	0.6966858506202698	0.7772433161735535
475	0.37050357460975647	0.8255338072776794	0.9130221009254456	0.6462002992630005	0.6945899724960327	0.7756705284118652
476	0.3706519603729248	0.8257466554641724	0.9129546284675598	0.6453996300697327	0.6944590210914612	0.7762625217437744
477	0.3691633939743042	0.8272203207015991	0.9138354659080505	0.6417617797851562	0.6957034468650818	0.7774533033370972
478	0.3701200783252716	0.8252390623092651	0.9132649898529053	0.6467846632003784	0.6928215622901917	0.7763113975524902
479	0.37020283937454224	0.8258448839187622	0.9131274223327637	0.6484851241111755	0.6936730146408081	0.7770712971687317
480	0.36995869874954224	0.8270401954650879	0.913483738899231	0.650795042514801	0.694066047668457	0.7756980657577515
481	0.36894097924232483	0.8275641798973083	0.9139859080314636	0.6473460793495178	0.692952573299408	0.7761911153793335
482	0.37066763639450073	0.8259595036506653	0.912940502166748	0.6486882567405701	0.6926906108856201	0.7755883932113647
483	0.36863160133361816	0.8273513317108154	0.9140942692756653	0.6485187411308289	0.6937385201454163	0.7745093703269958
484	0.36926114559173584	0.8260250091552734	0.9137323498725891	0.6522767543792725	0.6934765577316284	0.7751913666725159
485	0.3681694567203522	0.8267782330513	0.9142592549324036	0.64999920129776	0.6938695311546326	0.776799201965332
486	0.36812007427215576	0.8274495601654053	0.9144372940063477	0.647592306137085	0.6960309147834778	0.7778571844100952
487	0.36849072575569153	0.827105700969696	0.9141020774841309	0.6516850590705872	0.6953104734420776	0.7750871777534485
488	0.3675980269908905	0.8290706276893616	0.9146597981452942	0.6498737335205078	0.695048451423645	0.7782307863235474
489	0.3672168254852295	0.8276296854019165	0.9147614240646362	0.6492311358451843	0.6939350366592407	0.7762132287025452
490	0.3673308789730072	0.8279571533203125	0.9146820306777954	0.651757538318634	0.6935420632362366	0.7773244380950928
491	0.36705172061920166	0.828104555606842	0.9147958159446716	0.6483798623085022	0.6954414248466492	0.7766073346138
492	0.3679892122745514	0.8264834880828857	0.9142774939537048	0.6468026041984558	0.6923630833625793	0.7768198251724243
493	0.3675289452075958	0.8272858262062073	0.9146525263786316	0.6527513265609741	0.6943280100822449	0.7754781246185303
494	0.36687156558036804	0.8282191753387451	0.915002703666687	0.6556671261787415	0.693280041217804	0.7762936353683472
495	0.36628982424736023	0.8282846212387085	0.915326714515686	0.6597825288772583	0.691249668598175	0.774620532989502
496	0.36744725704193115	0.8267618417739868	0.9146521687507629	0.6498019695281982	0.692297637462616	0.7764983773231506
497	0.3655499517917633	0.8281372785568237	0.9156603813171387	0.6515194773674011	0.6933455467224121	0.7776352167129517
498	0.36624741554260254	0.8285466432571411	0.9150439500808716	0.6555683016777039	0.6925595998764038	0.7755874395370483
499	0.3656807839870453	0.828153669834137	0.9154736399650574	0.6524767875671387	0.6956379413604736	0.7766141295433044
500	0.3657296895980835	0.8294636011123657	0.9156056046485901	0.6535651683807373	0.6938695311546326	0.7757308483123779
501	0.3656330704689026	0.8280881643295288	0.9155752658843994	0.6506290435791016	0.6945244669914246	0.776861310005188
502	0.36579903960227966	0.828923225402832	0.9155081510543823	0.6571922302246094	0.6921666264533997	0.7761303782463074
503	0.3651624619960785	0.8297746777534485	0.9158421158790588	0.656733512878418	0.6925595998764038	0.7744660973548889
504	0.36575669050216675	0.8276132941246033	0.9153220653533936	0.6535733938217163	0.6951139569282532	0.7756902575492859
505	0.36421194672584534	0.8288577198982239	0.9163608551025391	0.6570972204208374	0.6941969990730286	0.7754842638969421
506	0.36392340064048767	0.8302659392356873	0.9164333343505859	0.6594353914260864	0.6913806796073914	0.7742630839347839
507	0.36439523100852966	0.8300530314445496	0.9163476228713989	0.6516072750091553	0.6951139569282532	0.7764875292778015
508	0.3632640242576599	0.8291688561439514	0.9168758392333984	0.6585978865623474	0.6910532116889954	0.7747708559036255
509	0.3638720214366913	0.829643726348877	0.9164955615997314	0.6581907868385315	0.6913806796073914	0.7756619453430176
510	0.36375609040260315	0.8293980956077576	0.9163992404937744	0.6522675156593323	0.693280041217804	0.7756730318069458
511	0.3633565902709961	0.8292015790939331	0.9168553352355957	0.6690196394920349	0.6887608170509338	0.7721145749092102
512	0.36321258544921875	0.8307571411132812	0.9168051481246948	0.6619793772697449	0.6915116310119629	0.7755128145217896
513	0.36276552081108093	0.8303641676902771	0.9170117974281311	0.6598494648933411	0.6911186575889587	0.7736542820930481
514	0.3623487651348114	0.8315266966819763	0.9173244833946228	0.6610890626907349	0.6932145953178406	0.775474488735199
515	0.3631724715232849	0.8293325901031494	0.9167172908782959	0.6571418642997742	0.6919701099395752	0.7761788964271545
516	0.3617309629917145	0.8315266966819763	0.9175320863723755	0.6616137623786926	0.6936730146408081	0.7760165929794312
517	0.36253073811531067	0.8287758827209473	0.9170711040496826	0.6634240746498108	0.6915116310119629	0.7744174003601074
518	0.36197271943092346	0.8308881521224976	0.9174045324325562	0.6654654741287231	0.6947864890098572	0.7741011381149292
519	0.36184215545654297	0.83057701587677	0.917513906955719	0.656449019908905	0.6962274312973022	0.7774206399917603
520	0.3613741397857666	0.830740749835968	0.9176899194717407	0.6681236624717712	0.6880403161048889	0.7742311954498291
521	0.36251163482666016	0.8304623961448669	0.9171192646026611	0.6617889404296875	0.6932145953178406	0.7756755352020264
522	0.36116451025009155	0.8298565745353699	0.9178704619407654	0.6673567295074463	0.6928870677947998	0.775245189666748
523	0.3597974181175232	0.8328694105148315	0.9185559749603271	0.6643240451812744	0.6940005421638489	0.774861752986908
524	0.36027663946151733	0.8317559361457825	0.9182942509651184	0.6615526676177979	0.6905947327613831	0.7760143876075745
525	0.3625286817550659	0.8292179703712463	0.9168802499771118	0.6681404709815979	0.6919046640396118	0.7743677496910095
526	0.3617534339427948	0.8307244181632996	0.9173625111579895	0.6707262396812439	0.6914461851119995	0.7732271552085876
527	0.36111828684806824	0.8320506811141968	0.9178254008293152	0.6649892926216125	0.6911186575889587	0.7743902206420898
528	0.3593977391719818	0.831739604473114	0.9187304377555847	0.6676461100578308	0.6949829459190369	0.7752074003219604
529	0.36023011803627014	0.8318214416503906	0.9183425307273865	0.6673657298088074	0.6934765577316284	0.7751172780990601
530	0.36017462611198425	0.8313302397727966	0.9181721210479736	0.6604871153831482	0.6911841630935669	0.7749493718147278
531	0.35925090312957764	0.8329021334648132	0.9188148975372314	0.6636199951171875	0.694393515586853	0.776030957698822
532	0.35879841446876526	0.8329185247421265	0.919003427028656	0.662652313709259	0.6928870677947998	0.7745020985603333
533	0.35927483439445496	0.8331313729286194	0.918824315071106	0.668144166469574	0.6906601786613464	0.7733480930328369
534	0.359063059091568	0.8320506811141968	0.918856143951416	0.6588513851165771	0.6944590210914612	0.7760507464408875
535	0.35907238721847534	0.8322144150733948	0.9188044667243958	0.6639549136161804	0.6924285888671875	0.7760594487190247
536	0.35992202162742615	0.8319360613822937	0.9182437658309937	0.6649296879768372	0.6928870677947998	0.7742246985435486
537	0.35791537165641785	0.8330495357513428	0.9195470213890076	0.6655177474021912	0.6922321319580078	0.7748079895973206
538	0.35784634947776794	0.8334097266197205	0.9194276928901672	0.6709351539611816	0.6922321319580078	0.7754560708999634
539	0.358637273311615	0.8321980834007263	0.9190552830696106	0.6701006293296814	0.690922200679779	0.7743381261825562
540	0.3570449650287628	0.8327547907829285	0.9199700355529785	0.667708694934845	0.6954414248466492	0.7759591937065125
541	0.357500821352005	0.8326892852783203	0.919610321521759	0.6687853932380676	0.6908566951751709	0.7740433216094971
542	0.3568953275680542	0.8347033262252808	0.9200616478919983	0.6723674535751343	0.6905947327613831	0.7736815214157104
543	0.3579307496547699	0.8341629505157471	0.9194349646568298	0.6735520958900452	0.6936075687408447	0.7754502892494202
544	0.35775384306907654	0.8341957330703735	0.9194629788398743	0.6770407557487488	0.6877783536911011	0.771820068359375
545	0.35679304599761963	0.8327056765556335	0.9200288653373718	0.6688446402549744	0.6939350366592407	0.7746930718421936
546	0.3567478358745575	0.8342284560203552	0.9198967218399048	0.6836200952529907	0.6899397373199463	0.7729573249816895
547	0.3563521206378937	0.8345559239387512	0.9201972484588623	0.6705169081687927	0.6930180788040161	0.774429976940155
548	0.3564923107624054	0.8348670601844788	0.9200629591941833	0.6757181882858276	0.690922200679779	0.7734918594360352
549	0.357757568359375	0.8338518738746643	0.9194387197494507	0.6740773916244507	0.6924940943717957	0.7753154039382935
550	0.35693830251693726	0.8335080146789551	0.9198993444442749	0.6727694272994995	0.6931490898132324	0.7749143242835999
551	0.3561858534812927	0.8344904184341431	0.9203075766563416	0.6772371530532837	0.6928870677947998	0.7743109464645386
552	0.3569823205471039	0.8335734605789185	0.9197434186935425	0.677657961845398	0.691249668598175	0.7731079459190369
553	0.356951504945755	0.8342939615249634	0.9199004173278809	0.6795874238014221	0.6917081475257874	0.7753646969795227
554	0.3558856248855591	0.8337044715881348	0.9203314185142517	0.6725738048553467	0.6890882849693298	0.7740384340286255
555	0.3550318479537964	0.8364389538764954	0.9209306836128235	0.6759915947914124	0.6917081475257874	0.7741823196411133
556	0.3569698929786682	0.8348179459571838	0.9197646975517273	0.6720086932182312	0.6921011209487915	0.7739502191543579
557	0.35433781147003174	0.8354728817939758	0.9211611747741699	0.6718231439590454	0.692952573299408	0.7753912806510925
558	0.35369718074798584	0.8360950946807861	0.9214542508125305	0.6775751709938049	0.6911841630935669	0.7735351920127869
559	0.35328951478004456	0.8358822464942932	0.9216427206993103	0.677330732345581	0.6905292272567749	0.7746669054031372
560	0.3547244071960449	0.8352272510528564	0.9209263920783997	0.6739960312843323	0.6936730146408081	0.7744168639183044
561	0.35394492745399475	0.8363243341445923	0.9213541746139526	0.6770556569099426	0.692625105381012	0.7748216986656189
562	0.3542855978012085	0.8356693983078003	0.9211686849594116	0.675743043422699	0.6907911896705627	0.7742401957511902
563	0.35429805517196655	0.8351781368255615	0.9210365414619446	0.6749820113182068	0.6924285888671875	0.7742792367935181
564	0.35382336378097534	0.8353255391120911	0.9213117361068726	0.6813908815383911	0.694720983505249	0.7733673453330994
565	0.35402604937553406	0.8365208506584167	0.9213480949401855	0.6889343857765198	0.6902016997337341	0.7711474895477295
566	0.3537198007106781	0.8366026878356934	0.9214847087860107	0.679020881652832	0.6896122694015503	0.773814857006073
567	0.35329437255859375	0.8351781368255615	0.9215779900550842	0.6810150146484375	0.6922321319580078	0.7735083699226379
568	0.353484570980072	0.8355219960212708	0.9214931726455688	0.6758747696876526	0.694393515586853	0.7741082906723022
569	0.35374391078948975	0.8352763652801514	0.9213600158691406	0.6768108010292053	0.6918391585350037	0.7736089825630188
